Temperature, Luminosity,
3068,	0.002400,
3042,	0.000500,
2600,	0.000300,
2800,	0.000200,
1939,	0.000138,